WP,B_1000,B_1007,B_1014,B_1020,B_1027,B_1034,B_1041,B_1048,B_1055,B_1062,B_1069,B_1076,B_1083,B_1090,B_1097,B_1104,B_1111,B_1118,B_1125,B_1132,B_1139,B_1146,B_1153,B_1160,B_1167,B_1174,B_1181,B_1188,B_1195,B_1202,B_1209,B_1216,B_1223,B_1230,B_1237,B_1244,B_1251,B_1258,B_1265,B_1272,B_1279,B_1286,B_1293,B_1300,B_1307,B_1314,B_1321,B_1328,B_1335,B_1342,B_1349,B_1356,B_1363,B_1370,B_1377,B_1384,B_1391,B_1398,B_1405,B_1413,B_1420,B_1427,B_1434,B_1441,B_1448,B_1455,B_1462,B_1469,B_1476,B_1483,B_1490,B_1498,B_1505,B_1512,B_1519,B_1526,B_1533,B_1540,B_1547,B_1554,B_1561,B_1569,B_1576,B_1583,B_1590,B_1597,B_1604,B_1611,B_1618,B_1626,B_1633,B_1640,B_1647,B_1654,B_1661,B_1668,B_1676
-0.744634,0.216315393,0.217716643,0.21929825,0.220603893,0.22168875,0.223090786,0.224264607,0.225142643,0.225699179,0.226643821,0.227248464,0.227783214,0.228401393,0.22844925,0.228580179,0.228613893,0.228275607,0.227575036,0.226341107,0.223629214,0.219277821,0.213847393,0.209285786,0.206576571,0.204945357,0.203871429,0.202661607,0.2016985,0.200862964,0.200840821,0.201490964,0.203265143,0.205528071,0.207528643,0.209426643,0.21072275,0.211527893,0.212251,0.213151821,0.213402607,0.213570179,0.213064679,0.211785036,0.210254821,0.207583857,0.203968929,0.199719464,0.1905204282857143,0.18132139257142857,0.17212235685714286,0.16292332114285715,0.15372428542857142,0.1445252497142857,0.135326214,0.1261271782857143,0.11692814257142856,0.10772910685714285,0.09853007114285713,0.0893310354285714,0.0801319997142857,0.070932964,0.067100321,0.064719929,0.063339143,0.062646107,0.062494179,0.062980107,0.064516214,0.066589357,0.068988607,0.07176975,0.07522375,0.078398143,0.081672036,0.085014536,0.088294179,0.091473286,0.094549107,0.09752025,0.100518893,0.103358464,0.106069893,0.108795357,0.111163643,0.113510464,0.115635393,0.117776821,0.119745929,0.121593286,0.122838036,0.124302429,0.126094,0.127007607,0.127221464,0.127006893,0.126517857,0.126339321
-0.3861065,0.195290893,0.196846821,0.198608214,0.199998286,0.201367929,0.202940929,0.204299179,0.205489571,0.206238036,0.207554143,0.208242786,0.209063357,0.209701143,0.210016143,0.210362571,0.210586571,0.210539036,0.21017775,0.208997786,0.206597393,0.202682964,0.197470286,0.193359536,0.191035036,0.189699321,0.188836964,0.1881195,0.187565643,0.1870215,0.187293,0.188184786,0.189845714,0.191961429,0.193832536,0.195650607,0.197080821,0.19808575,0.198905679,0.19987575,0.200218679,0.200530571,0.200201071,0.199072929,0.197533393,0.194730429,0.191225964,0.187042536,0.17827141607142857,0.16950029614285717,0.16072917621428573,0.1519580562857143,0.14318693635714286,0.13441581642857142,0.1256446965,0.11687357657142858,0.10810245664285714,0.09933133671428572,0.0905602167857143,0.08178909685714286,0.07301797692857143,0.064246857,0.060714607,0.058533179,0.057247571,0.056674321,0.056538321,0.05700725,0.058499893,0.060437179,0.062730464,0.065387714,0.068668107,0.071597357,0.074818857,0.078053143,0.081217393,0.084271214,0.087215857,0.090087857,0.093120893,0.095652321,0.098442286,0.101015964,0.103345357,0.105597107,0.107667571,0.109618429,0.111507071,0.113221571,0.114417571,0.115728893,0.11733175,0.118154286,0.118248357,0.118095071,0.117872571,0.117820571
-0.3378432,0.339818607,0.341922143,0.344320786,0.346176679,0.347819929,0.349650929,0.351445107,0.352687821,0.353402071,0.354522357,0.355264857,0.355901857,0.356197357,0.355991607,0.355895643,0.355485714,0.354790857,0.353500286,0.350999607,0.346251893,0.339084964,0.32993,0.322291357,0.317527679,0.314497643,0.312496071,0.310419643,0.308513,0.306950607,0.306416929,0.307089893,0.3095305,0.3127055,0.315504107,0.318057464,0.319850643,0.320956,0.321886893,0.322931321,0.323080107,0.323145893,0.322148786,0.320096107,0.317374964,0.3129175,0.307211214,0.300453357,0.28615303557142857,0.2718527141428571,0.2575523927142857,0.24325207128571427,0.22895174985714284,0.2146514284285714,0.20035110699999997,0.18605078557142857,0.17175046414285713,0.1574501427142857,0.14314982128571427,0.12884949985714284,0.1145491784285714,0.100248857,0.094307929,0.090565143,0.088334036,0.087289107,0.087098107,0.087930893,0.090352786,0.093641643,0.097353357,0.101633321,0.106899857,0.111707464,0.116816,0.121920464,0.126991107,0.131752179,0.136375036,0.140968714,0.145489143,0.149731786,0.153938571,0.157992893,0.161679571,0.165201821,0.1686775,0.172020179,0.175087071,0.17810475,0.180596714,0.182930714,0.1853345,0.186762321,0.187315393,0.187306107,0.186991143,0.186843786
-0.5515807,0.28695975,0.288926893,0.291170071,0.292839321,0.294304714,0.2960305,0.297706929,0.299063179,0.299694714,0.300936143,0.301813893,0.30251575,0.303021286,0.303160929,0.303168464,0.302988643,0.302481464,0.301533464,0.299603929,0.295801143,0.289942286,0.282509679,0.276315214,0.272648821,0.270410643,0.26909325,0.267550107,0.266282857,0.265191571,0.265014429,0.265955107,0.268106821,0.270946536,0.273342143,0.275781036,0.277382714,0.27839975,0.279288429,0.280420964,0.280598929,0.280787929,0.280219071,0.278573964,0.276536214,0.272903714,0.268242464,0.262610607,0.2507467294285714,0.23888285185714286,0.22701897428571427,0.21515509671428573,0.20329121914285714,0.19142734157142857,0.179563464,0.16769958642857144,0.15583570885714287,0.1439718312857143,0.13210795371428574,0.12024407614285715,0.10838019857142858,0.096516321,0.09159175,0.088653143,0.087066143,0.086369,0.086317429,0.087108464,0.089225893,0.092086571,0.095436964,0.099170143,0.103714571,0.107710714,0.1120505,0.116309357,0.120497036,0.124366964,0.1281,0.131822179,0.135467179,0.1387445,0.142027214,0.145350964,0.148356893,0.151187107,0.153972857,0.156548321,0.159075464,0.161474179,0.163236571,0.165086179,0.167184714,0.168123643,0.168225107,0.168013643,0.167565714,0.167470464
-1.0411086,0.305648964,0.308105714,0.310753786,0.312896,0.314893107,0.317084286,0.3192535,0.320713179,0.321662036,0.3230605,0.323960321,0.324601179,0.324812036,0.324644214,0.324181214,0.323457714,0.322400929,0.32066775,0.317574321,0.311563929,0.302353,0.291457214,0.282611857,0.277098393,0.273818536,0.271485321,0.269072607,0.266980321,0.265195393,0.264736571,0.265769179,0.26866225,0.272378,0.27573625,0.278698893,0.280733,0.282095821,0.283205107,0.284383643,0.284478536,0.284355821,0.283081107,0.280733036,0.277665679,0.272899964,0.266663,0.25915575,0.24625078571428574,0.23334582142857144,0.22044085714285716,0.20753589285714286,0.19463092857142858,0.1817259642857143,0.168821,0.1559160357142857,0.14301107142857142,0.13010610714285714,0.11720114285714284,0.10429617857142856,0.09139121428571426,0.07848625,0.074053214,0.07135225,0.069797357,0.0690965,0.069052429,0.06979775,0.071813964,0.074452643,0.077458036,0.080764821,0.085015607,0.0887785,0.092865214,0.096851143,0.100967429,0.104876821,0.108635179,0.112350357,0.116046893,0.119605429,0.123048857,0.126352893,0.129428929,0.132343071,0.1352,0.137848143,0.14032475,0.142683393,0.143871357,0.145576643,0.148044214,0.149364357,0.149703571,0.149401107,0.14873075,0.148194143
-0.4619489,0.260435107,0.261914857,0.263680929,0.264995643,0.265894714,0.26709925,0.268395214,0.269213393,0.269380321,0.270142107,0.270208393,0.270506964,0.270574429,0.270208107,0.269690929,0.269132893,0.268219286,0.267072036,0.264871286,0.260703071,0.254615643,0.2473225,0.241369357,0.237889893,0.235636321,0.234253321,0.232776,0.231278214,0.230198321,0.229896214,0.230545714,0.232227357,0.234635929,0.236554857,0.238389714,0.239620071,0.240241571,0.240799893,0.241375214,0.24128475,0.241211964,0.240260786,0.238571429,0.23636725,0.232934571,0.22858125,0.223405107,0.21317164528571428,0.20293818357142857,0.19270472185714285,0.18247126014285714,0.17223779842857143,0.1620043367142857,0.151770875,0.1415374132857143,0.13130395157142857,0.12107048985714286,0.11083702814285715,0.10060356642857143,0.09037010471428572,0.080136643,0.076423929,0.074267857,0.073248893,0.072760286,0.072791464,0.073669179,0.075647607,0.078160143,0.081015429,0.084225286,0.088072071,0.091513964,0.095275429,0.098990214,0.102654821,0.106197857,0.109450893,0.11263925,0.115945643,0.119050571,0.122029071,0.124974607,0.127634,0.130177714,0.132573357,0.134814893,0.136910857,0.138872893,0.140162143,0.141651214,0.143478571,0.144420286,0.144744464,0.144541357,0.143890857,0.143367821
-0.7584235,0.283852286,0.286117714,0.288688321,0.290743071,0.292552821,0.29467025,0.29680325,0.298245571,0.299405429,0.300897321,0.302036786,0.303071393,0.303771464,0.303985964,0.304112036,0.304134536,0.303719179,0.302833821,0.300813571,0.296193393,0.2894705,0.28112325,0.274299571,0.27026075,0.268020929,0.266735393,0.265422857,0.264149071,0.263303786,0.26332225,0.264644536,0.267308321,0.2707955,0.273904893,0.276811643,0.279045107,0.280549357,0.281831786,0.283194,0.283640929,0.283974929,0.283402821,0.28166525,0.279402214,0.275425964,0.270075571,0.263717429,0.25162314578571426,0.23952886257142858,0.22743457935714284,0.21534029614285716,0.20324601292857142,0.1911517297142857,0.1790574465,0.16696316328571428,0.15486888007142857,0.14277459685714286,0.13068031364285715,0.11858603042857141,0.1064917472142857,0.094397464,0.090024714,0.087325786,0.08592675,0.085352607,0.085447893,0.0862655,0.0883825,0.091186,0.094359429,0.097973071,0.102419393,0.106346786,0.110598464,0.114712857,0.118826786,0.122792321,0.126534179,0.130294643,0.134023107,0.137407179,0.140900357,0.144208643,0.147146357,0.150075464,0.1528345,0.155526,0.157923357,0.160056214,0.161559393,0.163231679,0.165419464,0.166554036,0.166479357,0.16595675,0.165313679,0.164860607
-0.9652663,0.275986714,0.277789607,0.280080964,0.281696607,0.282976536,0.284567357,0.286218893,0.287502357,0.288261214,0.289395179,0.290169714,0.290856464,0.291473286,0.291436393,0.29132075,0.291132536,0.290830179,0.289958536,0.288135036,0.284435214,0.278737464,0.271563964,0.265655929,0.2620325,0.259749393,0.258389714,0.256933071,0.255544571,0.254476071,0.254345464,0.255163429,0.257291821,0.260191286,0.2625895,0.264958536,0.266572464,0.267604536,0.268456857,0.269405321,0.269597821,0.269769857,0.269120857,0.267588071,0.265689393,0.262264964,0.257766214,0.252375929,0.24076543407142856,0.22915493914285714,0.2175444442142857,0.2059339492857143,0.19432345435714285,0.1827129594285714,0.1711024645,0.15949196957142858,0.14788147464285714,0.1362709797142857,0.12466048478571429,0.11304998985714285,0.10143949492857143,0.089829,0.085091,0.082294929,0.080824214,0.080228143,0.080272393,0.08114175,0.083268,0.086096679,0.089343036,0.09303275,0.097516464,0.101397143,0.105675964,0.109727429,0.113810607,0.117614036,0.121180393,0.124762179,0.1282145,0.131429964,0.134618964,0.137805643,0.140691357,0.143447964,0.146171036,0.148654714,0.151129036,0.153416107,0.155101929,0.156862821,0.158798321,0.159741714,0.159806071,0.159417429,0.158831786,0.15857375
-0.7239497,0.319372821,0.321388857,0.323445929,0.32523325,0.32655375,0.328242714,0.329952429,0.331080714,0.331632714,0.332637536,0.333290071,0.333769357,0.334052036,0.333908179,0.333537357,0.33307075,0.332209964,0.330996214,0.328550893,0.323822571,0.316752357,0.307851393,0.300406214,0.295829321,0.29298975,0.291199071,0.289414821,0.287628357,0.28611725,0.285705321,0.286456964,0.288759286,0.291986679,0.294751643,0.297347821,0.299066321,0.30000475,0.300845,0.30181675,0.301865393,0.30193525,0.301056179,0.299032143,0.296627143,0.292455714,0.287100571,0.280723607,0.2677614462857143,0.25479928557142856,0.24183712485714284,0.22887496414285713,0.21591280342857141,0.2029506427142857,0.189988482,0.17702632128571427,0.16406416057142856,0.15110199985714284,0.13813983914285713,0.12517767842857142,0.1122155177142857,0.099253357,0.094215893,0.091260357,0.089673714,0.089072393,0.089109179,0.090088464,0.092472071,0.095616821,0.099190571,0.103144107,0.108001286,0.112391857,0.116944321,0.121498143,0.125979821,0.130215571,0.134126429,0.138030071,0.141930321,0.145562393,0.149169893,0.152736214,0.156026214,0.15909225,0.162159679,0.165034929,0.167734036,0.170338214,0.172430036,0.174489643,0.176646179,0.177823714,0.178158607,0.178070071,0.177546,0.177255464
-0.7928973,0.368553964,0.370713607,0.373463107,0.375496107,0.37722975,0.379364321,0.381348464,0.382626893,0.383216393,0.384352429,0.385031429,0.385450214,0.385567821,0.384942893,0.384234143,0.3832375,0.381792893,0.379972571,0.376549964,0.370150143,0.360499071,0.348904429,0.339406429,0.333508464,0.329837464,0.327228357,0.324606643,0.322173714,0.320260357,0.31952725,0.320403857,0.323076393,0.326745071,0.330047429,0.33293925,0.334856107,0.336041679,0.336893,0.337981679,0.337974821,0.337693214,0.336470393,0.333836429,0.330651714,0.325303464,0.31869175,0.310727929,0.29602343664285713,0.2813189442857143,0.2666144519285714,0.2519099595714286,0.2372054672142857,0.22250097485714287,0.2077964825,0.19309199014285716,0.17838749778571428,0.16368300542857142,0.14897851307142856,0.1342740207142857,0.11956952835714285,0.104865036,0.099297071,0.095887679,0.093857786,0.093014536,0.092952357,0.093860964,0.096265393,0.09949925,0.103154857,0.107313607,0.11251225,0.117072821,0.122135429,0.127050393,0.131986143,0.136688786,0.141158,0.145734036,0.150257679,0.154480071,0.158631536,0.162621321,0.166177321,0.169770821,0.173242214,0.176376607,0.179427286,0.182327643,0.18426675,0.186384143,0.189078964,0.190600964,0.191051679,0.190997357,0.190231857,0.189564357
-2.0270592,0.355295107,0.357542286,0.360094464,0.362197179,0.363744786,0.365766179,0.367581929,0.368833,0.369427464,0.370803036,0.371317214,0.371949821,0.372262321,0.372097321,0.371714893,0.370996464,0.37010425,0.368570643,0.365738929,0.360505143,0.352309679,0.342400429,0.334262357,0.32933425,0.326322143,0.324331893,0.322224821,0.320306679,0.318745679,0.318331321,0.319351179,0.321871571,0.325354464,0.328415107,0.331177357,0.333057179,0.334166321,0.335072179,0.336090214,0.336180286,0.33620625,0.334956929,0.33272875,0.329917107,0.325252321,0.319185929,0.3120555,0.2975409566428571,0.28302641328571426,0.2685118699285714,0.25399732657142854,0.2394827832142857,0.22496823985714284,0.2104536965,0.19593915314285715,0.18142460978571429,0.16691006642857142,0.15239552307142856,0.1378809797142857,0.12336643635714284,0.108851893,0.103399929,0.100155,0.098526071,0.097928179,0.098060893,0.099193036,0.101844643,0.105364107,0.109331036,0.113728286,0.119278321,0.1240685,0.129128179,0.134195107,0.139182321,0.143807357,0.148237643,0.152618286,0.157003071,0.160994464,0.165094821,0.168954036,0.172600821,0.176068536,0.179324714,0.182380964,0.185432929,0.188165571,0.190039286,0.192040893,0.194549,0.195875429,0.196237107,0.195831607,0.19523425,0.194804643
-1.5720051,0.39746425,0.400375464,0.403895357,0.406575,0.40893625,0.411742179,0.414333214,0.416254893,0.417199214,0.418696214,0.41942375,0.41999225,0.420014821,0.419273786,0.418353,0.417111321,0.415134893,0.41252575,0.408232893,0.399791536,0.387122464,0.372673964,0.361206893,0.35456475,0.350541929,0.347893143,0.345206179,0.342707786,0.340774143,0.340413964,0.341728714,0.3449415,0.34903625,0.352580929,0.355800786,0.358125429,0.359416179,0.360644,0.361730929,0.361547,0.361086143,0.359031036,0.355833929,0.351695571,0.345174964,0.336989107,0.327367929,0.3113947733571429,0.2954216177142857,0.2794484620714286,0.2634753064285714,0.2475021507857143,0.23152899514285716,0.2155558395,0.19958268385714287,0.18360952821428572,0.16763637257142858,0.15166321692857143,0.13569006128571431,0.11971690564285717,0.10374375,0.098435393,0.095268321,0.093653643,0.092979857,0.093089464,0.094185643,0.096967107,0.100539321,0.104563143,0.10892975,0.11433925,0.119269,0.124422,0.129725929,0.135005179,0.139949786,0.14472625,0.149574357,0.154312143,0.158815071,0.163264964,0.167506357,0.171395036,0.175041893,0.178462536,0.181660571,0.184612643,0.187072107,0.188267393,0.190252893,0.193372321,0.194968286,0.195499107,0.195153357,0.194142143,0.193374536
-1.6478474,0.325896857,0.328272321,0.330803143,0.3329065,0.334667857,0.33691625,0.338990071,0.340386571,0.341273679,0.342614143,0.343381786,0.3440315,0.34451275,0.344276929,0.343866857,0.343370964,0.342543964,0.341128429,0.3383095,0.332608607,0.324106929,0.314078929,0.305732821,0.300732679,0.297695393,0.295621964,0.293435679,0.291541786,0.28995625,0.289578286,0.2906495,0.293389893,0.296958929,0.300069179,0.302931393,0.304953857,0.306218357,0.307095286,0.308186821,0.308263679,0.308284893,0.307198786,0.304860536,0.30204125,0.297470393,0.291481857,0.284354857,0.27093936721428574,0.25752387742857147,0.24410838764285717,0.23069289785714286,0.2172774080714286,0.20386191828571432,0.19044642850000001,0.1770309387142857,0.16361544892857144,0.15019995914285716,0.13678446935714286,0.12336897957142859,0.10995348978571429,0.096538,0.091510536,0.088481714,0.086917714,0.086293393,0.086350286,0.087333536,0.089743893,0.0929235,0.096464036,0.100406607,0.105256107,0.109708643,0.114374607,0.118944571,0.123523571,0.127792821,0.131849607,0.136024643,0.140009179,0.143794643,0.147510679,0.151070786,0.154337679,0.157403464,0.160403321,0.163309607,0.166029929,0.168406036,0.169837107,0.171690464,0.174216607,0.175602893,0.176168679,0.175789893,0.174944357,0.174317
-1.2686357,0.333278536,0.335410929,0.337891714,0.33983175,0.341293214,0.343175893,0.344984571,0.346102036,0.346586179,0.347575714,0.347948857,0.348258464,0.348313071,0.347859357,0.347146821,0.34625325,0.344983964,0.343185357,0.340114857,0.334280357,0.325353786,0.31486525,0.30637125,0.301280036,0.298199929,0.296076036,0.293866714,0.291871036,0.29021725,0.2897875,0.290664964,0.293263214,0.296631107,0.299323036,0.301873893,0.303669821,0.304691536,0.305497464,0.306404179,0.306349214,0.306101929,0.30472725,0.302289464,0.299325929,0.2945845,0.288540393,0.281445143,0.26820506392857146,0.25496498485714286,0.2417249057857143,0.22848482671428572,0.21524474764285714,0.20200466857142857,0.1887645895,0.17552451042857142,0.16228443135714285,0.14904435228571428,0.1358042732142857,0.12256419414285713,0.10932411507142856,0.096084036,0.091390536,0.088673607,0.087283393,0.086743607,0.086829643,0.087793607,0.090244607,0.093471036,0.096947714,0.100792714,0.105656536,0.109954857,0.114523143,0.119078607,0.123584214,0.127966964,0.132112714,0.136186714,0.140266179,0.144093107,0.147819464,0.151462679,0.154761321,0.157942929,0.16097825,0.163883321,0.166547071,0.168976679,0.170671,0.172564071,0.174987607,0.176301929,0.176550679,0.176280643,0.175597679,0.174871929
-1.4341099,0.3888085,0.39137725,0.39443375,0.39695975,0.399015143,0.401404286,0.403631143,0.40515275,0.405676714,0.40707625,0.407893286,0.408147929,0.408306536,0.407499,0.406740643,0.405630821,0.403967679,0.401800214,0.39785625,0.390583893,0.379336321,0.366139107,0.355298679,0.34887775,0.345032893,0.342442964,0.339848929,0.337353179,0.335361464,0.334880643,0.335772893,0.338815393,0.34263125,0.345984571,0.349073893,0.351198714,0.352260464,0.3531565,0.354304214,0.354282429,0.353854464,0.352207679,0.349270929,0.345420929,0.339517571,0.331972286,0.323052857,0.30745280342857145,0.2918527498571429,0.2762526962857143,0.26065264271428573,0.24505258914285716,0.22945253557142858,0.213852482,0.19825242842857144,0.18265237485714286,0.1670523212857143,0.15145226771428572,0.13585221414285714,0.12025216057142857,0.104652107,0.099196964,0.095989893,0.094274929,0.093631321,0.093705679,0.09476775,0.097480893,0.100915179,0.104802464,0.109142536,0.114543464,0.119354571,0.124476679,0.129589536,0.134578036,0.139426536,0.144051714,0.148618929,0.153253714,0.157630143,0.161987036,0.166022036,0.169805464,0.17342275,0.176884679,0.180225464,0.183380286,0.186298607,0.188451179,0.19077325,0.193416464,0.194953714,0.1955825,0.195505036,0.194867107,0.194427214
-2.3097443,0.306904786,0.308851536,0.311080964,0.312835786,0.314403,0.316156857,0.317842571,0.318968393,0.319674964,0.320780393,0.321608964,0.322167036,0.322523107,0.322521143,0.322302786,0.321916786,0.321148357,0.319885929,0.317559071,0.31315325,0.306475464,0.298120357,0.291240464,0.286958357,0.284252714,0.282492107,0.280630179,0.27895425,0.27747775,0.277252643,0.277981786,0.280392929,0.283631893,0.286335036,0.2889385,0.290709821,0.291664893,0.292552393,0.293579821,0.293598321,0.29370175,0.292946036,0.291087357,0.288736464,0.284828536,0.279796821,0.273836214,0.26122027521428576,0.24860433642857144,0.23598839764285717,0.22337245885714285,0.2107565200714286,0.1981405812857143,0.1855246425,0.1729087037142857,0.16029276492857142,0.14767682614285713,0.13506088735714283,0.12244494857142857,0.10982900978571428,0.097213071,0.092093607,0.089066679,0.087529393,0.086819964,0.086919143,0.087868536,0.090105321,0.093176214,0.096648464,0.10061825,0.1053515,0.109488,0.113971,0.118312036,0.122504357,0.1264815,0.13025825,0.134058286,0.137754571,0.141047714,0.144492643,0.147828357,0.150776857,0.153680321,0.15654825,0.15914175,0.161785464,0.164193464,0.165865929,0.167667429,0.169843786,0.170926679,0.170893571,0.170599679,0.169915679,0.169614107
-2.3442181,0.312545071,0.314865071,0.317592964,0.319654071,0.321383214,0.323400571,0.325679607,0.32717925,0.328216643,0.329853464,0.330957607,0.331965107,0.332888679,0.333098393,0.333155643,0.333092786,0.332676429,0.331722357,0.329697286,0.325243429,0.31844175,0.309935893,0.302724821,0.298560107,0.295840786,0.294075857,0.292371429,0.290677964,0.289437107,0.289342393,0.290707964,0.293568071,0.29755425,0.301052679,0.304217607,0.306539536,0.307896071,0.309105107,0.310532857,0.311032321,0.311344179,0.310616464,0.308857607,0.306610179,0.302574143,0.2971865,0.290699107,0.2771475253571429,0.26359594371428574,0.25004436207142855,0.23649278042857144,0.22294119878571428,0.20938961714285714,0.1958380355,0.18228645385714287,0.1687348722142857,0.15518329057142857,0.14163170892857144,0.12808012728571427,0.11452854564285714,0.100976964,0.095775464,0.092614929,0.090970321,0.090369286,0.090465393,0.091443357,0.093939643,0.09722425,0.100946357,0.105202143,0.110356357,0.114909357,0.119717179,0.124476321,0.129198,0.133587429,0.1376385,0.141887536,0.145988571,0.149854643,0.153597393,0.157224464,0.160569143,0.163803,0.16689675,0.169910321,0.17261425,0.175097464,0.176538,0.178420679,0.180989536,0.18242975,0.182456286,0.181901643,0.181079393,0.180127321
-2.8061669,0.322556393,0.32429425,0.326526321,0.3281745,0.329498107,0.331285536,0.333039179,0.33392125,0.334504179,0.33560025,0.336221071,0.336738071,0.337037179,0.336932857,0.336701,0.336276786,0.335569464,0.3342355,0.331914,0.327449607,0.321000643,0.312812357,0.305790786,0.301499964,0.298700821,0.296881107,0.294906286,0.292992536,0.291403107,0.291040214,0.291751714,0.294033607,0.297286179,0.300177036,0.30281025,0.3045945,0.305576643,0.306409214,0.307388429,0.307463321,0.307562964,0.306705786,0.304942821,0.302662321,0.298829071,0.293758464,0.287732107,0.2747192702857143,0.2617064335714286,0.24869359685714287,0.23568076014285716,0.22266792342857145,0.20965508671428573,0.19664225000000002,0.1836294132857143,0.1706165765714286,0.15760373985714285,0.14459090314285714,0.13157806642857142,0.11856522971428571,0.105552393,0.100086857,0.096736321,0.095008714,0.094334786,0.094355357,0.095285429,0.097754679,0.100921679,0.104478786,0.108603714,0.113554714,0.117874607,0.122597964,0.12710275,0.131516107,0.135710786,0.139559393,0.1433675,0.147200857,0.150751536,0.154380107,0.157659821,0.160816214,0.1638905,0.16684425,0.169493107,0.172134286,0.174662821,0.176283357,0.178085643,0.180528607,0.181620786,0.181759679,0.181372964,0.180597714,0.180258071
-2.3717971,0.34045875,0.34317875,0.346410036,0.349053179,0.351196643,0.353930214,0.356604821,0.358633179,0.359898357,0.361730214,0.363120357,0.364248321,0.365034071,0.365284143,0.365295357,0.365129107,0.36439475,0.363127357,0.360394107,0.354865214,0.346124786,0.335626571,0.327082536,0.321926786,0.318930571,0.317027821,0.315104286,0.313388071,0.312172643,0.312053,0.313604179,0.316935643,0.321289679,0.3251285,0.328668286,0.331196536,0.333023643,0.334614357,0.336185893,0.336676393,0.336964464,0.33607625,0.333997821,0.331248786,0.326354286,0.32001575,0.312236786,0.29768700028571426,0.28313721457142854,0.2685874288571428,0.25403764314285715,0.23948785742857143,0.2249380717142857,0.21038828599999998,0.19583850028571428,0.18128871457142856,0.16673892885714287,0.15218914314285714,0.13763935742857142,0.12308957171428572,0.108539786,0.10323275,0.100016714,0.098269607,0.097602786,0.097733893,0.098647393,0.101058607,0.104372964,0.108093714,0.112324786,0.117631929,0.122139929,0.127166643,0.131941214,0.136848393,0.141456714,0.145745679,0.150179286,0.154580321,0.158523464,0.162568571,0.16639125,0.169960429,0.173444143,0.17664375,0.179595214,0.1824725,0.184964857,0.186455893,0.188352107,0.191091536,0.192447429,0.192496679,0.191714071,0.190751607,0.1900535
-2.3166391,0.390717857,0.392973929,0.395723464,0.397640893,0.399192429,0.401228607,0.403090071,0.404268,0.4046755,0.405842607,0.406237714,0.40647425,0.406372071,0.405655179,0.404724179,0.403679143,0.402120643,0.399830286,0.396231607,0.389642107,0.379611179,0.367613321,0.357879714,0.3519415,0.348234714,0.345555214,0.342804107,0.340316786,0.338394071,0.337819286,0.338675179,0.341622107,0.345553393,0.348736857,0.351713821,0.3537665,0.354702821,0.355527786,0.356571429,0.356393143,0.356014,0.35462725,0.351904393,0.348561607,0.343219821,0.336332107,0.328215536,0.31278656657142856,0.29735759714285714,0.2819286277142857,0.26649965828571426,0.25107068885714284,0.23564171942857143,0.22021274999999998,0.20478378057142854,0.18935481114285713,0.1739258417142857,0.15849687228571427,0.14306790285714285,0.1276389334285714,0.112209964,0.106554607,0.103221571,0.101402286,0.100768286,0.100880143,0.102107607,0.104897964,0.1086355,0.112812893,0.117460607,0.123226321,0.12829825,0.133710964,0.139072821,0.144402786,0.149400214,0.154294464,0.159005179,0.163798857,0.168200071,0.172660786,0.176918107,0.180755821,0.184432036,0.187821964,0.190987893,0.194113071,0.19678375,0.198495393,0.200615607,0.203397321,0.204970821,0.205371929,0.205026107,0.204023571,0.203159214
-2.0960068,0.338660679,0.340584536,0.342761143,0.344273464,0.345405214,0.347065571,0.348547643,0.349418071,0.34978675,0.350586821,0.350898107,0.351305929,0.351340179,0.3510235,0.3503975,0.349763964,0.348796607,0.347275214,0.344664571,0.339849857,0.332532821,0.323535929,0.3158935,0.311297821,0.308350643,0.306368107,0.304339536,0.302378321,0.300746607,0.300374286,0.301161643,0.303287714,0.306361857,0.309089643,0.311509036,0.313075429,0.313852679,0.314522286,0.315372071,0.315308214,0.315128429,0.314185464,0.31209675,0.309585429,0.305334321,0.299871179,0.293410786,0.27971259207142857,0.2660143981428571,0.2523162042142857,0.23861801028571428,0.22491981635714284,0.2112216224285714,0.1975234285,0.18382523457142858,0.17012704064285714,0.1564288467142857,0.14273065278571428,0.12903245885714285,0.11533426492857143,0.101636071,0.096368214,0.093276857,0.091634143,0.091033107,0.091236,0.092312679,0.09484975,0.098329286,0.102208714,0.106465536,0.111767393,0.116549357,0.121519536,0.126385071,0.131155643,0.135654714,0.139864179,0.144046464,0.1483585,0.15221425,0.156021821,0.159782679,0.163269036,0.166513929,0.169658714,0.172718179,0.175496,0.178350786,0.18023575,0.182292536,0.184760143,0.186137929,0.186519286,0.186338393,0.185599036,0.1849485
-3.4956429,0.46343725,0.467177429,0.471397393,0.47487225,0.477979464,0.481343393,0.484589786,0.487165679,0.488453964,0.490705964,0.491677571,0.492462536,0.492872,0.492311571,0.491111,0.489728536,0.487470357,0.484190464,0.478652536,0.468542214,0.453498536,0.435858964,0.421190786,0.411727536,0.4056695,0.401433143,0.397136643,0.393163214,0.390057321,0.388949071,0.390138571,0.39435425,0.400230464,0.405432393,0.409993107,0.413076214,0.415021107,0.416687607,0.418359857,0.418581786,0.418393107,0.416598429,0.413178679,0.408625036,0.401296393,0.391837964,0.380733429,0.3622454136428572,0.3437573982857143,0.32526938292857144,0.3067813675714286,0.2882933522142857,0.26980533685714286,0.25131732149999997,0.23282930614285713,0.21434129078571426,0.1958532754285714,0.17736526007142855,0.1588772447142857,0.14038922935714282,0.121901214,0.1149355,0.110616071,0.108216536,0.107081571,0.106984643,0.107939821,0.110678964,0.114431607,0.118625821,0.123253893,0.129062714,0.13429925,0.1398325,0.145220714,0.150609464,0.155722607,0.160530679,0.1652685,0.170088821,0.174551214,0.178927214,0.183255607,0.187251571,0.191090679,0.194776214,0.198305357,0.201781857,0.204788107,0.20681375,0.209095893,0.212167036,0.213887,0.214284857,0.213790429,0.212722964,0.211984893
-2.9647464,0.330433143,0.332599179,0.335254679,0.337346893,0.338996607,0.341123214,0.343036393,0.34449025,0.345534321,0.347213357,0.348212071,0.349207464,0.349984071,0.350278107,0.35044125,0.3504555,0.349903964,0.348977571,0.347083464,0.342873393,0.336317929,0.327893,0.320915429,0.31641875,0.31370025,0.31181325,0.309957571,0.308257571,0.306763536,0.306587036,0.307885929,0.3110515,0.315185036,0.318627857,0.321782643,0.324165429,0.325727393,0.32691175,0.328428607,0.328941964,0.329436214,0.328817536,0.327175964,0.3251045,0.321177179,0.315897179,0.309487179,0.2953323702857143,0.2811775615714286,0.26702275285714283,0.2528679441428571,0.23871313542857142,0.22455832671428572,0.210403518,0.19624870928571428,0.18209390057142857,0.16793909185714284,0.15378428314285714,0.13962947442857143,0.1254746657142857,0.111319857,0.105388964,0.101890464,0.099983214,0.099297714,0.099384857,0.100378679,0.102910071,0.106340393,0.11027775,0.114704321,0.120221,0.12496325,0.12998525,0.135003607,0.139921179,0.144564821,0.148932679,0.153199964,0.157439643,0.161376286,0.165371536,0.169123036,0.172563357,0.175904607,0.179156929,0.182231143,0.185097143,0.187827643,0.18933625,0.191320714,0.194071143,0.195350429,0.195371143,0.194813929,0.19358375,0.192763821
-3.2474315,0.414598286,0.417051357,0.420077929,0.422224536,0.423960071,0.426390607,0.428625607,0.4300265,0.430701643,0.431990857,0.432458357,0.432786821,0.433011214,0.432443429,0.43152725,0.430256464,0.428495321,0.426214143,0.422182214,0.414840036,0.40377125,0.390661143,0.37981575,0.372699036,0.368244679,0.365006536,0.361703964,0.35869675,0.35634475,0.355646286,0.356718429,0.360128321,0.364748821,0.368728857,0.372319893,0.374802893,0.376220786,0.377313821,0.378474321,0.378493714,0.378326714,0.376909679,0.374148786,0.370610929,0.364816429,0.35741,0.348670786,0.33236683442857146,0.31606288285714285,0.2997589312857143,0.28345497971428574,0.2671510281428572,0.2508470765714286,0.23454312500000002,0.21823917342857144,0.20193522185714285,0.1856312702857143,0.16932731871428572,0.15302336714285714,0.13671941557142858,0.120415464,0.114294429,0.110587036,0.108686143,0.107899714,0.107960179,0.109151893,0.111954143,0.115751,0.119892821,0.1245715,0.1302795,0.135411321,0.140868107,0.14619475,0.151427286,0.156446357,0.16113575,0.165780607,0.1703775,0.174674036,0.179029929,0.183272321,0.187110107,0.190692,0.194380893,0.197756179,0.200911,0.203798179,0.205516643,0.207678893,0.210581679,0.212151036,0.212387214,0.211833071,0.21073775,0.209797214
-3.1784839,0.378240607,0.3802645,0.382577036,0.384298536,0.385629286,0.387543,0.389213036,0.390292786,0.3907265,0.3919045,0.392503179,0.393020857,0.393370107,0.393109536,0.392629036,0.391955929,0.390985393,0.389435357,0.386758071,0.381723,0.374182,0.364607071,0.356406429,0.351059036,0.347660071,0.345264643,0.342813036,0.340598786,0.338626357,0.337930107,0.338832429,0.341534036,0.345337036,0.348650357,0.351479893,0.35340125,0.354408536,0.355286179,0.356344286,0.356409393,0.356497357,0.355705321,0.353663429,0.350970643,0.346554929,0.340736143,0.333961929,0.3188131202857143,0.3036643115714286,0.28851550285714284,0.27336669414285714,0.25821788542857144,0.2430690767142857,0.22792026799999998,0.21277145928571428,0.19762265057142858,0.18247384185714285,0.16732503314285713,0.15217622442857143,0.13702741571428573,0.121878607,0.115511536,0.11171275,0.109629,0.108900679,0.108971357,0.110054536,0.11281375,0.116573286,0.120852714,0.125650893,0.131496071,0.136649607,0.141961107,0.147265893,0.152460679,0.157303286,0.1618155,0.166258929,0.17061225,0.174710786,0.178819107,0.182873,0.186526714,0.189948786,0.193511357,0.196829071,0.200075571,0.203144714,0.205348893,0.207673179,0.210449179,0.211867464,0.212198679,0.2117585,0.210941714,0.210246179
-4.3436982,0.396202214,0.398503857,0.4013715,0.403262464,0.404909964,0.406954357,0.408920714,0.410292393,0.410843464,0.412105,0.412731429,0.4132225,0.413397179,0.413048071,0.4124585,0.411704679,0.41040475,0.408385107,0.405130107,0.399043143,0.390049071,0.378849857,0.369285357,0.36309075,0.359051964,0.356213643,0.353406786,0.350824714,0.348570714,0.347824143,0.348757464,0.351848321,0.356070286,0.359835393,0.362999679,0.3652315,0.366455071,0.367461857,0.3687,0.368910821,0.368935143,0.367835607,0.36551275,0.362546321,0.357531679,0.350958607,0.343085821,0.3272241807142857,0.3113625404285714,0.2955009001428571,0.2796392598571429,0.26377761957142853,0.2479159792857143,0.232054339,0.2161926987142857,0.2003310584285714,0.1844694181428571,0.16860777785714284,0.15274613757142855,0.13688449728571425,0.121022857,0.114536286,0.110724679,0.108652464,0.107914786,0.107938393,0.109102357,0.111816714,0.115572,0.119737929,0.124465071,0.130163107,0.135129429,0.140447643,0.145623393,0.150654464,0.155434536,0.159872714,0.164204964,0.168471464,0.172481714,0.176512607,0.18038175,0.183948607,0.187449893,0.190901214,0.194148179,0.197214571,0.200078286,0.201938179,0.20400825,0.20666175,0.208103821,0.208278714,0.207754357,0.206762714,0.206037536
-3.6749066,0.394689714,0.397327679,0.400320857,0.402906,0.404801143,0.407177679,0.409511357,0.411137857,0.4117225,0.413719714,0.414495,0.415220464,0.415531857,0.4153945,0.414951286,0.414023607,0.412529536,0.410556,0.407119,0.400546214,0.390142286,0.377799786,0.367430679,0.360675321,0.356588286,0.35334925,0.350094643,0.34697625,0.344684464,0.343797643,0.344985286,0.34862525,0.353152286,0.357341179,0.361173571,0.363771143,0.365424357,0.366769643,0.368072214,0.368344536,0.368378036,0.367279536,0.364836321,0.361431929,0.356178464,0.348988893,0.340662821,0.32463875978571427,0.3086146985714286,0.29259063735714286,0.2765665761428572,0.26054251492857144,0.2445184537142857,0.2284943925,0.2124703312857143,0.1964462700714286,0.18042220885714289,0.16439814764285715,0.14837408642857144,0.13235002521428574,0.116325964,0.109928643,0.10586225,0.103695321,0.10275525,0.102608071,0.103685964,0.106160214,0.10976675,0.113852536,0.118322786,0.123882143,0.129001429,0.133980893,0.139316321,0.1444805,0.149347964,0.153942036,0.158404714,0.163043357,0.166970714,0.171438286,0.175459571,0.179134071,0.182754929,0.186078214,0.189330929,0.192511821,0.195010214,0.196432143,0.198542607,0.2015665,0.20334325,0.203851607,0.20326675,0.202293429,0.20112
-4.2471716,0.312292679,0.31368175,0.31527125,0.31642625,0.317588643,0.318935464,0.320128536,0.321009036,0.321499643,0.32226125,0.322678964,0.323125821,0.323547393,0.323331321,0.323069571,0.32275875,0.322260857,0.321173464,0.319385143,0.3159685,0.310814536,0.304321071,0.2984505,0.294290464,0.291511071,0.289400643,0.287500464,0.285678964,0.284125464,0.283525536,0.284213179,0.286302464,0.289414107,0.291958179,0.294117107,0.295647429,0.296611714,0.2973145,0.29810825,0.29837025,0.298573929,0.298001857,0.296655571,0.294943286,0.29204125,0.287923786,0.282854286,0.27059079364285715,0.2583273012857143,0.24606380892857144,0.23380031657142858,0.22153682421428572,0.20927333185714286,0.1970098395,0.18474634714285715,0.1724828547857143,0.16021936242857143,0.14795587007142857,0.13569237771428572,0.12342888535714286,0.111165393,0.105056893,0.10124975,0.099125429,0.098239929,0.098132036,0.098862643,0.101005214,0.10405875,0.107591786,0.111575571,0.11649725,0.120814714,0.125273214,0.129679071,0.13401675,0.138118143,0.1418625,0.145555786,0.149220036,0.152576464,0.155962464,0.159162036,0.162115821,0.16498425,0.167855536,0.170650357,0.173288143,0.17564075,0.177502036,0.179217857,0.181431393,0.182697929,0.182841071,0.182470607,0.18173375,0.180886714
-4.1575397,0.469247464,0.47263725,0.476988607,0.480244536,0.483204393,0.486859643,0.490433679,0.493057286,0.49463925,0.4972355,0.498897893,0.500215464,0.501034893,0.501147929,0.500660464,0.499914571,0.49829325,0.495861929,0.491320464,0.482573286,0.469008893,0.453075071,0.439353071,0.430280321,0.424220036,0.419752607,0.415113286,0.4110275,0.407683107,0.406571464,0.408224536,0.413221429,0.419964571,0.426098964,0.43148675,0.435303393,0.437746786,0.439922036,0.441995786,0.442628357,0.442972643,0.441720857,0.438849464,0.434762321,0.427909393,0.418945571,0.408185786,0.38883777578571427,0.3694897655714286,0.35014175535714287,0.33079374514285714,0.3114457349285714,0.29209772471428574,0.2727497145,0.2534017042857143,0.23405369407142862,0.2147056838571429,0.1953576736428572,0.1760096634285715,0.15666165321428577,0.137313643,0.129382429,0.124414536,0.121591964,0.12033475,0.120044714,0.120965393,0.123714571,0.127632,0.132040357,0.136946179,0.14316175,0.148756571,0.154679786,0.160517607,0.166202179,0.1717295,0.17690975,0.182056964,0.187115107,0.191762893,0.19668025,0.201241536,0.205526,0.209676393,0.213615107,0.217340857,0.220854321,0.223823179,0.225157393,0.22742775,0.23117975,0.23324175,0.233640107,0.232864464,0.231351821,0.229920321
-5.1297008,0.43021975,0.432690321,0.435411679,0.437686536,0.439830821,0.442127929,0.444461143,0.446012679,0.44718,0.448613036,0.449444107,0.4501755,0.450513571,0.4503425,0.4499225,0.449125393,0.447720786,0.445713036,0.442152857,0.435736036,0.425850964,0.413931286,0.4033745,0.395890286,0.3911045,0.387518679,0.383770107,0.380314571,0.377696143,0.376446964,0.377467714,0.381107786,0.385939571,0.390523429,0.394182071,0.396977107,0.3986675,0.399974357,0.401227321,0.401674286,0.401788786,0.400845821,0.398650357,0.395473,0.390362536,0.383377679,0.374957893,0.3579092935,0.34086069399999996,0.3238120945,0.306763495,0.28971489549999996,0.272666296,0.2556176965,0.23856909699999998,0.22152049749999997,0.20447189799999999,0.18742329849999997,0.17037469899999996,0.15332609949999998,0.1362775,0.128545571,0.123707821,0.121089071,0.119959571,0.119692143,0.120620179,0.123235464,0.126963821,0.13115375,0.135900786,0.141844179,0.147133429,0.152451464,0.157856393,0.1630855,0.168078071,0.172670929,0.177084321,0.1816175,0.185719286,0.190149929,0.1940375,0.197795607,0.201427607,0.204954786,0.2084915,0.211767,0.214741571,0.216423929,0.218700357,0.221636214,0.223280357,0.223516893,0.222788571,0.22169925,0.220857429
-4.8125418,0.377235393,0.379224821,0.381909821,0.383888107,0.385719893,0.387568786,0.389633179,0.390815714,0.391417571,0.392760571,0.393386429,0.39396575,0.39417725,0.393629036,0.393033214,0.392162679,0.390509429,0.388302321,0.38485525,0.378542179,0.369295643,0.358251286,0.348667571,0.342108429,0.337619143,0.334288536,0.330834857,0.327835571,0.325470071,0.324389036,0.325353179,0.328571,0.332971679,0.336964857,0.340265143,0.342552643,0.34390225,0.344994357,0.34615125,0.346260571,0.346476643,0.345448929,0.343378107,0.340536429,0.335887393,0.329723643,0.322407857,0.30820829071428574,0.29400872442857146,0.2798091581428572,0.2656095918571429,0.2514100255714286,0.2372104592857143,0.22301089300000002,0.20881132671428573,0.19461176042857145,0.18041219414285717,0.1662126278571429,0.15201306157142858,0.1378134952857143,0.123613929,0.117347143,0.113574393,0.11129025,0.110303071,0.110158893,0.110962214,0.113275929,0.116348429,0.119844214,0.123774214,0.128675571,0.132943607,0.137590893,0.141963821,0.146413179,0.150489821,0.154330071,0.158072143,0.161797786,0.165375571,0.16874175,0.172196357,0.17533225,0.178367714,0.181289536,0.184112536,0.186725929,0.189124,0.190322679,0.19188575,0.194686786,0.19596475,0.196060571,0.195220464,0.194025929,0.192960786
-3.7093804,0.309764,0.312054429,0.314640643,0.316509643,0.318362286,0.320535107,0.322632429,0.324312429,0.325489357,0.327100286,0.328384179,0.329757143,0.330785679,0.331171679,0.331516071,0.331667929,0.3313605,0.330491571,0.328781714,0.324829929,0.318906964,0.311345607,0.304974643,0.300918464,0.298399143,0.296830393,0.295205036,0.293730321,0.292548857,0.292536893,0.293777036,0.296786643,0.300858714,0.304292571,0.30745175,0.309775643,0.311471679,0.312851893,0.314460679,0.314991286,0.315697821,0.315296107,0.313967357,0.312053643,0.308500536,0.303807679,0.297786536,0.28500674007142857,0.27222694414285714,0.2594471482142857,0.2466673522857143,0.23388755635714287,0.22110776042857141,0.2083279645,0.19554816857142857,0.18276837264285714,0.16998857671428572,0.1572087807857143,0.14442898485714284,0.13164918892857141,0.118869393,0.113214071,0.109905857,0.108100786,0.107279821,0.10729325,0.108126036,0.110364143,0.113535179,0.117025893,0.121135393,0.126110321,0.130326071,0.134993964,0.139363893,0.143733929,0.147909321,0.151820929,0.1557105,0.1594,0.162830321,0.16626675,0.169734286,0.172797107,0.175655143,0.178488929,0.181103607,0.183531179,0.1857485,0.186946393,0.18853325,0.190900393,0.191981714,0.19170525,0.190911893,0.189705821,0.189056214
-4.6746467,0.273447214,0.274568821,0.276223536,0.277377429,0.278154107,0.279212821,0.280333214,0.281169429,0.281387357,0.282051929,0.282728464,0.283329536,0.283738643,0.283765464,0.2836095,0.283614179,0.283172,0.282613929,0.281218786,0.278494964,0.274639036,0.269330464,0.264569643,0.261578643,0.259506071,0.258076679,0.256528179,0.255205429,0.25389925,0.253523071,0.254051143,0.255982143,0.258594679,0.260762607,0.262805036,0.264226464,0.264915607,0.265539,0.266450786,0.266690143,0.267097321,0.266784286,0.265662964,0.264309,0.261886429,0.258576679,0.254555929,0.24400606414285717,0.2334561992857143,0.22290633442857144,0.2123564695714286,0.20180660471428574,0.19125673985714287,0.18070687500000002,0.17015701014285717,0.1596071452857143,0.14905728042857144,0.1385074155714286,0.12795755071428572,0.11740768585714287,0.106857821,0.101504607,0.098238143,0.096576893,0.095896536,0.095819571,0.096679179,0.098692464,0.101579357,0.104846321,0.108534214,0.113027464,0.116828357,0.12096775,0.124975643,0.128727679,0.132192429,0.135388071,0.138511071,0.141618393,0.144461286,0.147252143,0.150128,0.152716857,0.155285321,0.157734286,0.160149536,0.162483393,0.164664286,0.166031571,0.1677495,0.169568821,0.170629857,0.17078525,0.170219821,0.169434214,0.168807321
-4.9849108,0.408035036,0.410785536,0.413662964,0.416277893,0.418491286,0.421051214,0.423606393,0.42552575,0.426753107,0.428410929,0.429364214,0.43013425,0.4306525,0.430343036,0.429709036,0.428764,0.427076893,0.424693607,0.420740429,0.413271893,0.402280964,0.389374893,0.37815075,0.370243571,0.364969821,0.360959357,0.356827571,0.353226214,0.350382036,0.349178821,0.350424036,0.354444036,0.359890786,0.364712571,0.368811643,0.371806929,0.3736145,0.375095464,0.376582393,0.376934607,0.377120607,0.376120357,0.373891214,0.370710893,0.36548,0.358596393,0.350044536,0.3344199517857143,0.31879536757142857,0.30317078335714287,0.2875461991428572,0.2719216149285715,0.2562970307142857,0.24067244650000003,0.2250478622857143,0.20942327807142858,0.19379869385714288,0.17817410964285715,0.16254952542857143,0.14692494121428573,0.131300357,0.12443525,0.120141464,0.117759786,0.116642857,0.116392536,0.117263464,0.119582464,0.12277575,0.126547643,0.130712071,0.135891714,0.140493786,0.145323786,0.150017179,0.154668786,0.158954821,0.163116679,0.167254321,0.171276714,0.174925071,0.17862375,0.182281036,0.18563925,0.188823786,0.192064893,0.195113571,0.198127286,0.200657071,0.202003071,0.203854643,0.206830536,0.208317107,0.20828725,0.207267857,0.205999214,0.204640286
